Title,Product Description
Women Clothes,
Others,
Socks & Stockings,
Others,
Pantyhose,
Socks,
Fabric,
Others,
Songket,
Kain Pasang,
Canvas,
Denim,
Vinyl & Nylon,
Leather,
Velvet,
Wool,
Cotton,
Kebaya,
Batik,
Costumes,
Traditional Wear,
Others,
Dresses,
Sets,
Bottoms,
Tops,
Maternity Wear,
Others,
Maternity Bottoms,
Maternity Sets,
Breastfeeding Wear,
Maternity Tops,
Maternity Dresses,
Nursing Bras,
Sleepwear & Pajamas,
Others,
Kimonos & Robes,
Night Dresses,
Pajamas,
Lingerie & Underwear,
Others,
Sexy Lingerie,
Safety Pants,
Shapewear,
Bra Accessories,
Others,
Nipple Stickers,
Paddings,
Straps,
Thermal Innerwear,
Panties,
Bras,
Sets,
Sets,
Others,
Individual Sets,
Family Sets,
Couple Sets,
Hoodies & Sweatshirts,
Others,
Hoodies,
Sweatshirts,
Sweaters & Cardigans,
Jackets,
Others,
Vests,
Jackets,
Blazers,
Capes,
Winter Jackets & Coats,
Jumpsuits,
Others,
Overalls,
Playsuits,
Jumpsuits,
Wedding Dresses,
Dresses,
Jeans,
Skirts,
Shorts,
Others,
Skorts,
Shorts,
Pants & Leggings,
Others,
Pants,
Leggings & Treggings,
Tops,
Others,
Bodysuits,
Polo Shirts,
Shirts & Blouses,
T-shirts,
Tube Tops,
Tanks & Camisoles,
Men Clothes,
Socks,
Others,
Occupational Attire,
Costumes,
Traditional Wear,
Others,
Sets,
Bottoms,
Tops,
Sets,
Sleepwear,
Innerwear & Underwear,
Others,
Thermal Innerwear,
Undershirts,
Underwear,
Tops,
Others,
Tanks,
T-Shirts,
Polo Shirts,
Shirts,
Shorts,
Pants,
Others,
Pants,
Joggers,
Cargo,
Suits,
Others,
Suit Vests & Waistcoats,
Suit Pants,
Suit Jackets & Blazers,
Suit Sets,
Jackets,
Others,
Vests,
Jackets,
Winter Jackets & Coats,
Sweaters & Cardigans,
Hoodies & Sweatshirts,
Others,
Sweatshirts,
Hoodies,
Jeans,
Beauty,
Bath & Body Care,
Others,
Breast Care,
Sun Care,
Others,
Tanning Oil & Self Tanners,
Body Sunscreen & After Sun,
Hair Removal Cream & Wax,
Massage Oil,
Body Deodorants,
Body Cream,
Body Oil,
Body Masks,
Body Scrub & Peel,
Body Wash & Soap,
Others,
Beauty Sets & Packages,
Skincare,
Others,
Acne Treatment,
Blotting Paper,
After Sun Face Care,
Face Sunscreen,
Lip Treatment,
Others,
Lip Mask,
Lip Scrub & Exfoliator,
Lip Balm,
Eye Treatment,
Others,
Eyebrow & Eyelash Serum,
Eye Mask & Packs,
Eye Cream,
Face Mask & Packs,
Face Scrub & Peel,
Facial Serum & Essence,
Facial Mist,
Facial Oil,
Facial Moisturizer,
Toner,
Facial Cleanser,
Beauty Tools,
Others,
Hair Tools,
Others,
Heatless Styling Tools,
Hair Styling Appliances,
Hair Dryers,
Brushes & Combs,
Hair Removal Tools,
Body Slimming Tools,
Facial Care Tools,
Others,
Facial Cleansing Tools,
Facial Slimming & Massage Tools,
Facial Steamers,
Makeup Accessories,
Pencil Sharpeners,
Eyelid Tape & Glue,
False Eyelashes,
Eyebrow Templates,
Eyelash Curlers,
Sponges & Applicators,
Makeup Brushes,
Makeup Brush Cleaners,
Mirrors,
Makeup Bags & Organizers,
Cotton Pads and Buds,
Others,
Makeup,
Makeup Removers,
Lips,
Others,
Lip Plumper,
Lip Tint & Stain,
Lip Liner,
Lip Gloss,
Lipstick,
Eyes,
Others,
Eyebrows,
Mascara,
Eyeliner,
Eye Primer,
Eyeshadow,
Face,
Others,
Blush,
Setting & Finishing Spray,
Bronzer,
Concealer & Corrector,
Powder,
BB & CC Cream,
Foundation,
Makeup Base & Primer,
Others,
Perfumes & Fragrances,
Men's Care,
Others,
Hair Care,
Shaving & Grooming,
Others,
Shaving Accessories,
Trimmers,
Shaving Brushes,
Shavers,
Razors & Blades,
Creams,
Aftershave,
Skincare,
Others,
Moisturizer & Treatment,
Facial Cleanser,
Bath & Body Care,
Hair Care,
Others,
Hair Styling,
Hair and Scalp Conditioner,
Hair Treatment,
Hair Colour,
Shampoo,
Hand,
Others,
Nail Care,
Nail Gel,
Others,
Manicure Tools & Devices,
Nail Art & Sticker,
Artificial Nail,
Nail Treatment,
Nail Polish Remover,
Nail Polish,
Base & Top Coat,
Foot Care,
Others,
Lotion,
Foot Masks,
Foot Deodorant,
Hand Care,
Others,
Hand Washes,
Lotion,
Hand Masks,
Health,
Sexual Wellness,
Others,
Performance Enhancement,
Sex Toys,
Lubricants,
Condoms,
Personal Care,
Others,
Insect Repellents,
Massage & Therapy Devices,
Feminine Care,
Others,
Vaginal Cream,
Feminine Wash,
Menstrual Cup,
Pregnancy & Fertility Tests,
Tampons,
Sanitary Napkins & Panty Liners,
Adult Diapers & Incontinence,
Oral Care,
Others,
Orthodontic Accessories,
Teeth Whitening,
Denture Care,
Mouth Wash,
Dental Floss,
Toothpastes,
Electric Toothbrushes & Accessories,
Manual Toothbrushes,
Ear Care,
Eye Care,
Others,
Lens Solutions & Eyedrops,
Contact lens,
Hand Sanitizers,
Medical Supplies,
Others,
Injury & Disability Support,
Others,
Hearing Aids,
Braces & Supports,
Wheelchairs,
Walking Aids,
Medical Gloves & Masks,
Laboratory Tools,
Pain Relievers,
Stethoscopes,
First Aid Supplies,
Others,
Medical Antiseptics & Disinfectants,
Ointments & Creams,
First Aid Accessories,
Plasters & Bandages,
Nasal Care,
Scale & Body Fat Analyzers,
Health Monitors & Tests,
Others,
Thermometers,
Pulse Oximeters,
Blood Glucose Monitors,
Blood Pressure Monitors,
Traditional Medicine,
Over-the-counter Medicine,
Others,
Food Supplement,
Others,
Well Being,
Fitness,
Beauty Supplements,
Weight Management,
Fashion Accessories,
Others,
Accessories Sets & Packages,
Additional Accessories,
Others,
Handkerchiefs,
Masks,
Tattoos,
Cufflinks,
Charms,
Patches,
Brooches & Pins,
Neckties,
Belts,
Investment Precious Metals,
Others,
Jade,
Diamond,
Silver,
Platinum & K Gold,
Eyewear,
Others,
Eyewear Cases & Accessories,
Frames & Glasses,
Sunglasses,
Necklaces,
Hats & Caps,
Anklets,
Bracelets & Bangles,
Hair Accessories,
Others,
Headpieces,
Wigs & Extensions,
Hair Clips & Hair Pins,
Hair Ties,
Headbands,
Gloves,
Scarves & Shawls,
Earrings,
Rings,
Home Appliances,
Others,
Remote Controls,
Batteries,
Electrical Circuitry & Parts,
Others,
Lightning Protection,
House Alarms,
Switches,
Doorbells,
Electricity Savers,
Electrical Safety,
Electric Sockets & Extension Cords,
Kitchen Appliances,
Others,
Hoods,
Freezers,
Refrigerators,
Specialty Cookware,
Others,
Soda Makers,
Dessert Machine,
Takoyaki Makers,
Bread Makers,
Egg Boilers,
Waffle & Crepe Makers,
Rice Cookers,
Slow Cookers & Sous Vide Machines,
Pressure Cookers,
Multi-function Cookers,
Food Processors & Meat Grinders,
Toasters,
Ovens,
Microwaves,
Deep Fryers,
Air Fryers,
Stoves,
Dishwashers,
Mixers,
Coffee Machines & Accessories,
Juicers,
Wine Fridges,
Kettles,
Water Filters,
TVs & Accessories,
Others,
TV Brackets,
TV Boxes & Receivers,
TV Antennas,
TVs,
Large Household Appliances,
Others,
Heaters,
Futon & Shoe Dryers,
Cooling,
Others,
Fans,
Air Coolers & Portable Aircons,
Air-Conditioners,
Water Heaters,
Washing Machines & Dryers,
Others,
Laundry Dryers,
Washing Machines,
Small Household Appliances,
Others,
Vacuum Cleaners & Floor Care Appliances,
Air Treatment,
Others,
Dehumidifiers,
Purifiers,
Irons & Steamers,
Telephones,
Others,
Fax Machines,
Cordless Phones,
Corded Phones,
Sewing Machines & Accessories,
Water Flossers,
Foot Baths & Spas,
Projectors & Accessories,
Others,
Pointers,
Projectors & Projector Screens,
Men Shoes,
Others,
Shoe Care & Accessories,
Others,
Shoe Insoles,
Shoe Horns & Trees,
Shoe Laces,
Shoe Deodorizers,
Shoe Care & Cleaning Tools,
Sandals & Flip Flops,
Others,
Health Slippers,
Indoor Slippers,
Sandals,
Flip Flops,
Oxfords & Lace-Ups,
Loafers & Boat Shoes,
Slip Ons & Mules,
Sneakers,
Boots,
Others,
Safety Boots,
Rain Boots,
Fashion Boots,
Mobile & Gadgets,
Others,
Walkie Talkies,
Accessories,
Others, & Skins
Cases,
Others, & Skins
Phone Cases, & Skins
Tablet Cases,
Screen Protectors,
Wearable Accessories,
Powerbanks & Batteries,
Others,
Powercases,
Powerbanks,
Batteries,
Pocket Wifi,
USB & Mobile Lights,
Cables,
Others,
Docks & Stands,
Chargers,
Mobile Cables & Converters,
Travel Adaptors, & Winders
Cable Cases,
Mobile Pouches,
Casting Devices,
Memory Cards,
Phone Straps & Keychains,
Phone Grips,
Stylus,
USB & Mobile Fans,
Mobile Flashes & Selfie Lights,
Mobile Lens,
Selfie Accessories,
Others,
Remote Shutters,
Lazypods,
Selfie Sticks,
Wearable Devices,
Others,
GPS Trackers,
VR Devices,
Smartwatches & Fitness Trackers,
Mobile Phones,
Tablets,
Sim Cards,
Muslim Fashion,
Others,
Sets,
Outerwear,
Others,
Cardigans,
Coats,
Jackets,
Vests,
Kid Muslim Wear,
Others,
Boy's Muslim Attire,
Girl's Muslim Attire,
Others,
Attire Piece & Sets,
Telekung,
Veils,
Men Muslim Wear,
Others,
Baju Melayu,
Sarong,
Pants,
Robe & Jubah,
Tops,
Prayer Attire & Equipment,
Others,
Telekung Travel,
Telekung,
Peci,
Prayer Mats,
Prayer Sets,
Women Muslim Wear,
Others,
Bottoms,
Others,
Palazzo,
Leggings,
Pants,
Skirt,
Dresses,
Others,
Jumpsuits,
Set Warda,
Baju Kurung,
Baju Kelawar,
Kaftan,
Nursing Jubah,
Abaya Cloak,
Robe & Jubah,
Top,
Others,
Nursing Blouse,
Shirts,
Tunic,
Muslimah Swimwear,
Muslimah Sports Apparels,
Accessories,
Others,
Handsocks,
Socks,
Veils,
Others,
Hijab Accessories,
Others,
Hijab Pin,
Inner Hijab,
Pashmina,
Square Hijab,
Instant Hijab,
Khimar,
Travel & Luggage,
Others,
Travel Accessories,
Others,
Travel Size Bottles & Containers,
Travel Pillows & Eye Covers,
Luggage Scales,
Luggage Locks,
Luggage Straps,
Luggage Tags,
Luggage Protectors & Covers,
Travel Organizers,
Passport Holders & Covers,
Travel Bags,
Others,
Drawstring Bags,
Foldable Bags,
Duffel & Weekender Bags,
Luggage,
Women Bags,
Others,
Bag Accessories,
Others,
Cleaning & Care Equipment,
Bag Organizers,
Charms & Twillies,
Bag Holders,
Bag Straps,
Wallets,
Others,
Long Wallets,
Bifold & Trifold Wallets,
Phone & Key Wallets,
Coin Holders & Purses,
Card Holders,
Crossbody & Shoulder Bags,
Top-handle Bags,
Tote Bags,
Waist Bags & Chest Bags,
Clutches & Wristlets,
Laptop Bags,
Others,
Laptop Backpacks,
Laptop Sleeves,
Laptop Bags & Cases,
Backpacks,
Women Shoes,
Others,
Shoe Care & Accessories,
Others,
Shoe Laces,
Shoe Care & Cleaning Tools,
Shoe Horns & Trees,
Insoles & Heel Liners,
Shoe Deodorizers,
Flat Sandals & Flip Flops,
Others,
Indoor Slippers,
Health Slippers,
Flip Flops,
Flat Sandals,
Wedges,
Heels,
Flats,
Others,
Slip Ons,
Oxfords & Lace-Ups,
Loafers & Boat Shoes,
Ballet Flats,
Sneakers,
Boots,
Others,
Fashion Boots,
Rain Boots,
Men Bags,
Others,
Wallets,
Others,
Long Wallets,
Bifold & Trifold Wallets,
Phone & Key Wallets,
Coin Holders & Purses,
Card Holders,
Crossbody & Shoulder Bags,
Waist Bags & Chest Bags,
Clutches,
Briefcases,
Tote Bags,
Laptop Bags,
Others,
Laptop Backpacks,
Laptop Sleeves,
Laptop Bags & Cases,
Backpacks,
Watches,
Others,
Watches Accessories,
Others,
Boxes,
Batteries,
Buckles,
Service Tools,
Straps,
Set & Couple Watches,
Men Watches,
Women Watches,
Audio,
Others,
Audio & Video Cables & Converters,
Home Audio & Speakers,
Others,
AV Receivers,
Home Theater Systems,
Speakers,
Amplifiers & Mixers,
Microphones,
Media Players,
Others,
Radio & Cassette Players,
Voice Recorders, & Blu-ray Players
CD,
MP3 & MP4 Players,
Earphones,
Food & Beverages,
Others,
Gift Set & Hampers,
Alcoholic Beverages,
Others,
Sake,
Liquor & Spirits,
Wine & Champagne,
Beer & Cider,
Bakery,
Others,
Pastry,
Cakes & Pies,
Breads,
Fresh & Frozen Food,
Processed Meat & Seafood,
Frozen Processed Food,
Mushroom,
Fruits,
Others,
Pre-cut & Assorted Fruit Set,
Tropical & Exotic Fruits,
Stonefruits,
Melons,
Grapes,
Citrus,
Berries,
Bananas,
Apples & Pears,
Vegetables,
Others,
Pre-cut & Assorted Vegetable Set,
Salads Vegetables ,
Sprouts,
Root & Stem Vegetables, Nuts & Corn
Peas,
Garlic,
Chilli & Capsicum,
Broccoli & Cauliflowers,
Brinjals,
Leafy Vegetables,
Fresh Herbs,
Cabbage & Brussel Sprouts,
Others,
Vegetarian Meat,
Seafood,
Others,
Crab,
Prawn,
Fish,
Meat,
Others,
Lamb,
Pork,
Poultry,
Beef,
Dairy & Eggs,
Others,
Beancurd,
Eggs,
Ice cream,
Cheese & Cheese Powder,
Butter & Margarine,
Creamers,
Yogurt & Cultured Milk,
Milk,
Others,
Powdered Milk,
Condensed & Evaporated Milk,
UHT Milk,
Fresh Milk,
Beverages,
Others,
Non-dairy Milk,
Drink Toppings,
Traditional & Herbal Drinks,
Dessert Drink,
Powdered Drink Mixes,
Carbonated Drinks & Tonics,
Cordial & Syrups,
Juice & Juice Vinegar,
Water,
Energy & Isotonic Drinks,
Chocolate Drinks,
Tea & Tea Bags,
Coffee,
Breakfast Cereals & Spread,
Others,
Breakfast Bar,
Cereal,
Jam & Spread,
Honey & Maple Syrups,
Baking Needs,
Others,
Baking Decoration,
Food Coloring,
Flour,
Baking Premix Flour,
Baking Powder & Soda,
Baking Flavoring,
Cooking Essentials,
Others,
Flour Coating,
Flavour Enhancers,
Cooking Paste & Kit,
Stock,
Sweetener,
Sugar,
Seasonings & Condiments,
Others,
Dressing,
Cooking Wine,
Vinegar,
Chilli & Sambal,
Sauce,
Herbs & Spices,
Salt,
Pepper,
Oil,
Food Staples,
Preserved Vegetables,
Canned Food,
Others,
Canned Soup,
Canned Vegetables,
Canned Seafood,
Canned Meat,
Canned Fruits,
Others,
Pasta,
Rice,
Noodles,
Dried Goods,
Others,
Traditional Herbs,
Dried Seafood,
Beans & Grains,
Snacks,
Dried Snacks,
Others,
Dried Seafood Snacks,
Meat Floss,
Dried Fruits,
Meat Jerky and Bakkwa,
Pudding,
Others,
Nuts,
Seaweed,
Popcorn,
Seeds,
Chips & Crisps,
Biscuits,
Chocolate,
Sweets & Candy,
Convenience / Ready-to-eat,
Instant Noodles,
Instant Hotpot,
Instant Rice & Porridge,
Others,
Cooked Food,
Pets,
Others,
Pet Healthcare,
Vitamins & Supplements,
Others,
Medication,
Anti Fleas & Ticks,
Pet Clothing & Accessories,
Others,
Hats,
Hair Accessories,
Eyewear,
Neck Accessories,
Boots,
Wet Weather Gear,
Pet Clothing,
Pet Grooming,
Others,
Claw Care,
Oral Care,
Hair Care,
Litter & Toilet,
Others,
Poop Bags & Scoopers,
Dog Training Pads & Trays,
Diapers,
Small Pet Bedding & Litter,
Cat Litter & Boxes,
Pet Accessories,
Others,
Aquarium Needs,
Pet Furniture,
Others,
Scratching Pads & Posts,
Cages & Crates,
Habitats & Accessories,
Houses,
Beds & Mats,
Toys,
Others,
Bird Toys,
Small Pet Toys,
Dog & Cat Toys,
Others,
Frisbees,
Chew,
Sticks & Chasers, Harnesses & Muzzles
Leashes,
Travel Essentials,
Bowls & Feeders,
Pet Food,
Others,
Reptile Food,
Bird Feed,
Aquarium Pet Food,
Small Pet Treats,
Small Pet Food,
Cat Treats,
Cat Food,
Dog Treats,
Dog Food,
Mom & Baby,
Others,
Gift Sets & Packages,
Toys,
Others,
Slime & Squishy Toys,
Robot Toys,
Educational Toys,
Others,
Toy Tablets & Computers,
Musical Toys,
Puzzles,
Shape Sorters,
Science & Tech Toys,
Math Toys,
Arts & Crafts,
Sports & Outdoor Play,
Others,
Flying Toys,
Sports Toys,
Blasters & Toy Guns,
Pool,
Play Tents,
Inflatables & Slides,
Bicycles,
Toy Vehicles,
Pretend Play,
Dolls & Stuffed Toys,
Others,
Stuffed Toys,
Doll Houses & Accessories,
Dolls & Accessories,
Block Toys,
Baby & Toddler Toys,
Others,
Teethers,
Crib Mobiles & Rattles,
Bath Toys,
Playards & Playpens,
Playgym & Playmats,
Diapering & Potty,
Others,
Cloth Diapers & Accessories,
Disposable Diapers,
Potty Training & Commode Chairs,
Changing Pads & Kits,
Baby Healthcare,
Others,
Sun Care,
Baby Oral Care,
Baby Skincare,
Others,
Powders,
Oils,
Lotion & Creams,
Nasal Care,
Baby Vitamins & Supplements,
Milk Formula & Baby Food,
Others,
Baby Snack,
Baby Porridge,
Milk Formula,
Baby Safety,
Others,
Safety Locks & Straps,
Baby Gates & Doorways,
Edge & Corner Guards,
Bumpers,
Mosquito Netting,
Monitors,
Nursery,
Others,
Storage & Organization,
Mattresses & Bedding,
Others,
Bedsheets,
Pillows & Bolsters,
Blankets & Wrappers,
Walkers,
Bouncers,
Cribs & Cradles & Beds,
Bath & Body Care,
Others,
Baby Laundry Detergent,
Wipes,
Baby Grooming Tools,
Baby Colognes & Fragrances,
Hair Care & Body Wash,
Bathing Tools & Accessories,
Shower Caps,
Bath Robes,
Bathing Tubs & Seats,
Maternity Healthcare,
Others,
Moisturizers & Creams,
Maternity Vitamins & Supplement,
Maternity Milk,
Maternity Accessories,
Others,
Maternity Pillows,
Supporting Belts,
Feeding Essentials,
Others,
Food Processors,
Pacifiers,
Bibs,
Utensils,
Others,
Baby Food Containers,
Baby Tableware,
Baby Cups,
Highchairs & Booster Seats,
Breastfeeding,
Others,
Breastmilk Storage Bags,
Nursing Covers,
Breast Pads,
Breast Pump & Accessories,
Bottle-feeding,
Others,
Sterilizers,
Warmers,
Bottle Cleansing,
Bottles & Bottle accessories,
Bottle Cooler Bag,
Baby Travel Essentials,
Others,
Child Harnesses & Leashes,
Diaper Bags,
Car & Motorbike Seats Accessories,
Car & Motorbike Seats,
Stroller Accessories,
Strollers & Travel Systems,
Baby Carrier,
Baby & Kids Fashion,
Others,
Girl Shoes,
Others,
Flats,
Flip Flops,
Loafers,
Sneakers,
Sandals,
Boots,
Boy Shoes,
Others,
Loafers,
Formal Shoes,
Flip Flops,
Sneakers,
Sandals,
Boots,
Girl Clothes,
Others,
Suits & Sets,
Dresses,
Rompers,
Bottoms,
Others,
Leggings,
Skirts,
Shorts,
Pants,
Jeans,
Outerwear,
Others,
Hoodies,
Blazers,
Sweaters & Cardigans,
Vests,
Winter Outerwear,
Regular Jackets & Coats,
Tops,
Others,
Shirts & Blouses,
Polo Shirts,
T-shirts,
Swimwear,
Sleepwear,
Underwear & Innerwear,
Costumes,
Boy Clothes,
Others,
Suits & Sets,
Bottoms,
Others,
Overalls,
Shorts,
Pants,
Jeans,
Outerwear,
Others,
Hoodies,
Blazers,
Sweaters & Cardigans,
Vests,
Winter Outerwear,
Regular Jackets & Coats,
Tops,
Others,
Shirts,
Polo Shirts,
T-shirts,
Swimwear,
Sleepwear,
Underwear & Innerwear,
Costumes,
Baby & Kids Accessories,
Others,
Earmuffs,
Rain Gear,
Others,
Rain Boots,
Raincoats,
Jewelry,
Others,
Rings,
Necklaces,
Earrings,
Bracelets,
Watches,
Scarves,
Socks,
Belts,
Gloves,
Hair Accessories,
Eyewear,
Hats & Caps,
Bags & Luggage,
Others,
Wallets,
Luggage & Trolley Bags,
Crossbody & Shoulder Bags,
Backpacks,
Baby Mittens & Footwear,
Baby Clothes,
Others,
Swimwear,
Sets,
Bodysuits & Jumpsuits,
Tops,
Sleepwear,
Bottoms,
Others,
Skirts,
Shorts,
Pants & Leggings,
Dresses,
Winter Outerwear,
Regular Outerwear,
Gaming & Consoles,
Others,
Video Games,
Others,
PC Game,
PSP,
PS Vita,
Switch,
Gameboy,
Nintendo DS,
Wii,
Xbox,
Playstation,
Console Accessories,
Console Machines,
Others,
PSP,
PS Vita,
Gameboy,
Nintendo DS,
Wii,
Xbox,
Cameras & Drones,
Others,
Drone Accessories,
Drones,
Camera Care,
Others,
Lenspens & Brushes,
Blowers,
Silica Gel,
Cleaning Kit,
Dry Boxes & Cabinets,
Camera Accessories,
Others, & Accessories
Tripods,
Batteries & Battery Grips,
Battery Chargers,
Camera Cases & Bags,
Photo Printers,
Photo Films & Papers,
Lighting & Studio Equipments,
Gimbals & Stabilizers,
Flash Accessories,
Others,
Flash Diffusers,
Flash Triggers,
Flashes,
Lens Accessories,
Others,
Lens Hoods,
Filters,
Lens Caps,
Lens Mount & Adaptors,
Lenses,
Security Cameras & Systems,
Others,
Dummy Cameras,
DVRs,
CCTV Security Cameras,
Cameras,
Others,
DSLRs,
Analog Cameras,
Instant Cameras,
Video Camcorders,
Action Cameras,
Mirrorless Cameras,
Point & Shoot,
Home & Living,
Others,
Fengshui & Religious Supplies,
Party Supplies,
Others,
Sashes,
Party Hats & Masks,
Disposable Tableware,
Cards,
Backdrops & Banners,
Wooden Clips,
Balloons,
Home Organizers,
Others,
Tissue Holders,
Jewelry Organizers,
Wardrobe Organizers,
Desk Organizers,
Laundry Bags & Baskets,
Hooks,
Shoe Storage Boxes,
Storage Boxes,
Hangers & Pegs,
Safety & Security,
Others,
Door Hardware & Locks,
Fire Fighting Equipments,
Safes,
Lighting,
Dinnerware,
Others,
Placemats & Coasters,
Food Covers,
Straws,
Cutleries,
Plates,
Bowls,
Water Bottles & Accessories,
Cups,
Tea Pots & Sets,
Jugs,
Kitchenware,
Others,
Lighters,
Sealers,
Kitchen Weighing Scales,
Graters,
Strainers,
Measuring Glasses & Spoons,
Can & Bottle Openers,
Whisks & Beaters,
Knives & Kitchen Scissors,
Chopping Boards,
Spatulas & Cooking Tweezers,
Aprons & Kitchen Gloves,
Kitchen Racks,
Tea,
Aluminium Foil,
Cling Wrap,
Food Storage,
Pots,
Pans,
Bakewares & Decorations,
Grills & Accessories,
Home Care Supplies,
Others,
Laundry Care,
Others,
Detergents,
Fabric Conditioners & Softeners,
Fabric Fragrances,
Cleaning Agents,
Toilet Paper,
Tissue & Paper Towels,
Pest & Weed Control,
Cleaning Cloths,
Plastic Bags & Trash Bags,
Trash & Recycling Bins,
Sponges & Scouring Pads,
Basins,
Mops,
Dusters,
Brooms,
Cleaning Brushes,
Clotheslines & Drying Racks,
Tools & Home Improvement,
Others,
Doors & Windows,
Construction Materials,
Shades,
Trollies,
Ladders,
Air Pumps,
Water Pumps,
Tools,
Others,
Blowers,
Power Welding Tools,
Sandpaper,
Air Compressors,
Rangefinders,
Levels & Measuring Wheels,
Electrical Testers & Multimeters,
Power Generators,
Pressure Washers,
Saws,
Drills,
Nails,
Pliers,
Hammers,
Spanner Sets,
Measuring Tapes,
Tool Boxes,
Wall Paints & Coatings,
Roofing & Flooring,
Sinks & Water Taps,
Protective Gloves,
Industrial Adhesives & Tapes,
Gardening,
Lawn Mowers,
Others,
Gardening Tools,
Irrigation Systems,
Pots & Planters,
Seeds & Bulbs,
Fertilizer,
Garden Soils & Growing Media,
Garden Decorations,
Plants,
Furniture,
Others,
Shelves & Racks,
Cupboards & Cabinets,
Sofas,
Benches,
Wardrobes,
Desks & Tables,
Bed Frames & Headboards,
Doorstoppers,
Cushions,
Hand Warmers,
Decoration,
Others,
Table Cloths,
Mirrors,
Candles & Candleholders,
Vases & Vessels,
Carpets & Rugs,
Floor Mats,
Clocks,
Wallpapers & Wall Stickers,
Photo Frames & Wall Decoration,
Curtains & Blinds,
Furniture & Appliance Covers,
Flowers,
Bedding,
Others,
Bolsters,
Mosquito Nets,
Mattresses,
Bedsheets,
Pillows,
Blankets,
Mattress Protectors & Toppers,
Cooling Mats,
Bathrooms,
Others,
Shower Caps,
Safety Handles,
Shower Seats & Commodes,
Shower Curtains,
Bath Brushes & Loofahs,
Showerheads & Bidet Sprays,
Towels & Bathrobes,
Others,
Bath Robes,
Face & Hand Towels,
Bath Towels,
Bathtubs,
Bathroom Racks & Cabinets,
Soap Dispensers,
Toothbrush Holders & Toothpaste Dispensers,
Toilet Bowls,
Home Fragrance & Aromatherapy,
Others,
Diffusers,
Essential Oils,
Air Fresheners & Home Fragrance,
Sports & Outdoors,
Others,
Sports & Outdoor Accessories,
Others,
Gym Protective Gears,
Training Equipments,
Mouthguards & Sport Tapes,
Umbrellas,
Rain Coats,
Dry Bags,
Sports & Outdoor Hats,
Sports Headbands,
Sports Wristbands,
Shoe Bags,
Stopwatches & Pedometers,
Sports & Outdoor Apparels,
Others,
Kid's Sports Apparel,
Sports Bras,
Swimming Attire,
Others,
Rash Guards,
One-Piece Swimsuits,
Bikini Sets,
Swimming Trunks,
Bottoms,
Jerseys,
T-shirts,
Jackets,
Sets,
Sports Footwear,
Others,
Kid's Sport Shoes,
Soccer Shoes,
Hiking Shoes,
Futsal Shoes,
Badminton Shoes,
Volleyball Shoes,
Tennis Shoes,
Training Shoes,
Running Shoes,
Basketball Shoes,
Sports & Outdoor Recreation Equipments,
Others,
Darts,
Fitness Equipment,
Others,
Pull Up & Push Up Bars,
Ab Rollers,
Fitness Machines,
Gym Balls,
Skipping Ropes,
Weight Training,
Yoga & Pilates,
Others,
Resistance Bands,
Yoga Blocks,
Yoga Mats,
Boating,
Swimming & Diving,
Others,
Life Jackets,
Flippers,
Diving Masks,
Diving Flashlights,
Swimming Boards,
Swimming Goggles,
Swimming Caps,
Ice Skating & Winter Sports,
Surfing & Wakeboarding,
Billiards,
Rugby,
Squash,
Baseball & Softball,
Golf,
Others,
Golf Bags & Organizers,
Gears &Training Equipment,
Golf Clubs,
Golf Balls,
Boxing & Martial Arts,
Others,
Gloves,
Martial Arts Belts,
Punching Bags & Paddings,
Table Tennis,
Others,
Table Tennis Nets,
Table Tennis Bats,
Table Tennis Balls,
Tennis,
Others,
Tennis Nets,
Tennis Balls,
Tennis Rackets,
Badminton,
Others,
Badminton Nets,
Shuttlecocks,
Badminton Rackets,
Volleyball,
Others,
Volley Nets,
Volley Balls,
Basketball,
Others,
Basketball Rings,
Basket Balls,
Soccer,
Others,
Goal Posts & Nets,
Goalkeeper Gloves & Shin Guards,
Balls,
Archery,
Others,
Arrows,
Bows,
Boardsports,
Others,
Helmets & Protective Gears,
Segways & Hoverboards,
Scooters & Unicycles,
Skateboards & Roller Blades,
Rock Climbing,
Camping & Hiking,
Others,
Picnic Mats & Baskets,
Hiking Sticks,
Hammocks,
Camping Knives & Survival Kits,
Compasses,
Binoculars,
Sleeping Bags,
Tents & Tent Accessories,
Camping Lamps & Flashlights,
Camping Cookware,
Cycling,
Others,
Cycling Helmets,
Bicycle Parts & Accessories,
Bicycles,
Fishing,
Others,
Fishing Nets,
Fishing Bags,
Lures & Baits,
Fishing Lines,
Fish Finders,
Fishing Rods & Reels,
Fishing Hooks,
Stationery,
Others,
Letters & Envelopes,
Others,
Postage Stamps & Duty Stamps,
Post Cards,
Envelopes & Angpao,
Notebooks & Papers,
Others,
Labels & Stickers,
Notebooks & Notepads,
Art Paper & Boards,
Memo & Sticky Notes,
Loose Leaf,
Printing & Photocopy Paper,
Thermal Paper & Continuous Paper,
Book Covers,
Bookmarks,
Art Supplies,
Others,
Sketch Books,
Canvases & Easels,
Paint Palettes,
Paint Brushes,
Acrylic Paint,
Oil Paint,
Water & Poster Colours,
Crayons & Pastels,
Color Pencils,
School & Office Equipment,
Others,
Pencil Cases,
Sharpeners,
Rulers,
Folders,
Calendars,
Staplers & Staples,
Ink Stamps & Pads,
Scissors,
Hole Punchers,
Clips,
Lanyards & Name Tags,
Label Printers,
Glues,
Strings & Tapes,
Pen Knives & Paper Cutters,
Calculators,
Writing Boards & Board Stands,
Writing & Correction,
Others,
Highlighters,
Markers,
Eraser & Correction Supplies,
Pencils,
Pens & Inks,
Gift & Wrapping,
Others,
Carton Boxes,
Bubble Wraps,
Ribbons,
Gift Bags,
Gift Boxes,
Gift Wrappers,
Hobbies & Collections,
Others,
Needlework,
Photo Albums,
Vinyl Records,
Musical Instruments & Accessories,
String Instruments,
Others,
Guitars & Bass Guitars,
Ukuleles,
Others,
Music Accessories,
Wind Instruments,
Percussion Instruments,
Keyboards & Pianos,
CD,
Toys & Games,
Others,
Capsule Toys,
Remote Control Toys & Accessories,
Yo-yos,
Kendamas,
Spinning Tops,
Rubik's Cubes,
Prank Toys,
Magic Toys,
Dice,
Souvenirs,
Others,
Fridge Magnets,
Coin Banks,
Keychains,
Hand Fans,
Collectible Items,
Others,
Coins,
Anime & Manga Collectibles,
Sports Collectibles,
Idol Collectibles,
Stones & Minerals,
Vehicle Models & Diecast,
Mecha Models & Diecast,
Statues & Sculptures,
Action Figurines,
Automobiles,
Automotive Services & Installations,
Others,
Automotive Keychains & Key Covers,
Automotive Oils & Lubes,
Others,
Automotive Fluids,
Others,
Transmissions Fluids,
Brake Fluids,
Antifreezes & Coolants,
Greases & Lubricants,
Fuel Additives & Savers,
Oils,
Automotive Care,
Others,
Polish,
Tire & Wheel Care,
Interior Care,
Glass Care & Water Repellents,
Wash & Waxes,
Automotive Tools,
Others,
Tire Pressure Detectors,
Test,
Automobile Spare Parts,
Others,
Fuel System,
Electronics,
Others,
Lighting,
Batteries & Accessories,
Ignition,
Others,
Spark Plugs,
Ignition Coils,
Belts,
Brake System,
Engine Parts,
Others,
Oil Filters,
Air Filters,
Pistons,
Bearing & Seals,
Drivetrain,
Radiators,
Shocks,
Tires & Accessories,
Wheels,
Exhaust & Emissions,
Windshield Wipers & Washers,
Body,
Automobile Exterior Accessories,
Others,
License Plate Accessories,
Mirrors & Accessories,
Horns & Accessories,
Gutters,
Sill Plates,
Mud Flaps & Splash Guards,
Stickers,
Covers,
Antennas,
Garnish,
Automobile Interior Accessories,
Others,
HUD,
Camcorders & Parking Cameras,
Locks & Security,
Sun Shields & Dash Covers,
Pedals & Gear Sticks,
USB Chargers,
Phone Holders,
Seats & Seat Covers,
Steering Wheels & Covers,
Car Mattresses,
Seat Headrests & Back Supports,
Carpets & Mats,
Perfumes,
Organizers & Compartments,
Amplifiers,
Navigation & AV Receivers,
Automobiles,
Motorcycles,
Others,
Motorcycle Helmets & Accessories,
Motorcycle Spare Parts,
Others,
Lighting,
Tires & Accessories,
Wheels,
Exhaust & Emissions,
Body & Frame,
Cables & Tubes,
Horns & Accessories,
Batteries & Accessories,
Drivetrain,
Others,
Bearings,
Clutches,
Chains & Gears,
Shocks,
Brake System,
Fuel System,
Ignition & Engine Parts,
Others,
Air Filters,
V-Belts,
Ignition Coils,
Spark Plugs,
CDI & ECU,
Pistons,
Radiators,
Motorcycle Accessories,
Others,
Mud Flaps & Splash Guards,
Phone Holders,
Boxes & Cases,
Locks & Security,
Mirrors & Accessories,
Seats & Seat Covers,
Stickers,
Covers,
Speedometers,
Carpets,
Motorcycles,
Tickets,
Others,
Shopee,
Others,
Shopee Paid Ads Credits,
Shopee Official,
Streaming,
Gaming & App Stores,
E-Money,
Travel,
Others,
Tour & Packages,
Car Rentals,
Buses,
Trains,
Flights,
Hot Springs,
Accommodation,
Telco,
Others,
Mobile Top-ups & Pre-paid,
Mobile Data,
Internet & Cable TV,
Lessons & Workshops,
Transport,
Beauty & Wellness,
Others,
Spa & Massage,
Hair,
Fitness,
Dental,
Health,
Services,
Design,
Others,
Photography & Printing,
Air-Conditioning Servicing,
Insurance,
Delivery & Moving,
Housekeeping,
Utilities,
Shopping,
Others,
Supermarkets,
Malls & Department Stores,
F&B,
Others,
Food Delivery,
Dine-in & Takeaway,
Events & Attractions,
Others,
Concerts & Exhibitions,
Movies,
Events,
Theme Parks & Attractions,
Books & Magazines,
Others,
E-Books,
Books,
Others,
Audio Books,
Baby & Soft Books,
Music,
Sticker & Colouring Books,
Education & School,
Horoscopes,
Careers,
History & Cultures,
Religion & Philosophy,
Psychology & Relationships,
Parenting & Family,
Medical,
Science & Maths,
Biography & Memoirs,
Romance,
Action,
Fantasy,
Classic Literature,
Light Novels,
LGBTQ+ Literature,
Hobbies,
Language Learning & Dictionaries,
Travel & Tourism,
Health,
Computers & Technology,
Politics,
Business & Investment,
Recipes & Cooking,
Arts,
Adult's Books,
Agriculture,
Children's Books,
Comics & Manga,
Magazines & Newspaper,
Others,
Teenager,
Lifestyle,
Business,
Computers & Accessories,
Others,
Laptops,
Keyboards & Mice,
Others,
Drawing Tablets,
Keyboards,
Mice,
Peripherals & Accessories,
Others,
Mouse Pads,
Video Conference Devices,
Laptop Chargers & Adaptors,
Laptop Batteries,
Keyboard & Trackpad Covers,
Laptop Stands & Foldable Laptop Desks,
Cooling Pads,
Laptop Skins & Covers,
Webcams,
USB Hubs & Card Readers,
Printers & Scanners,
Others,
3D Printers,
Inks & Toners,
Thermal & Barcode Printers,
Printers,
Office Equipment,
Others,
Money Counters,
Paper Shredders,
Absence Machines,
Typewriters,
Softwares,
Network Components,
Others,
Print Servers,
KVM Switches,
Network Cables & Connectors,
Network Switches & PoE,
Powerline Adapters,
Wireless Adapters & Network Cards,
Repeaters,
Modems & Wireless Routers,
Data Storage,
Others,
Compact Discs,
Hard Disk Casings & Dockings,
Flash Drives & OTG,
Network Attached Storage (NAS),
SSD,
Hard Drives,
Desktop & Laptop Components,
Others,
Sound Cards,
Optical Drives,
PC Cases,
UPS & Stabilizers,
RAM,
Power Supply Units,
Thermal Paste,
Graphics Cards,
Motherboards,
Processors,
Fans & Heatsinks,
Monitors,
Desktop Computers,
Others,
All-in-One Desktops,
Server PC,
Mini PC,
Desktop PC,
